1;\N;1;1838;9999;1;"Каталог товаров"
2;1;2;175;9999;1;"Аппаратура и средства связи"
3;1;176;239;9999;1;"Бесконтактные выключатели и датчики"
4;1;240;337;9999;1;"Беспроводные системы и компоненты"
7;1;338;353;9999;1;"Импортные электронные компоненты"
8;1;354;429;9999;1;"Инструмент"
9;1;430;471;9999;1;"Источники питания"
10;1;472;491;9999;1;"Кабельная продукция"
11;1;492;707;9999;1;"КИП и автоматика"
12;1;708;755;9999;1;"Наборы «Мастер-Кит»"
14;1;758;811;9999;1;"Отечественные электронные компоненты"
15;1;812;835;9999;1;"Паяльное оборудование"
17;1;836;919;9999;1;"Промышленная мебель"
18;1;920;999;9999;1;"Разное"
19;1;1000;1043;9999;1;"Разъемы"
24;1;1044;1057;9999;1;"Химия и расходные материалы"
25;1;1058;1663;9999;1;"Электро- и радиоизмерительные приборы"
26;1;1664;1747;9999;1;"Электротехнические и установочные изделия"
41;2;3;6;9999;1;"Абонентские терминалы"
42;2;7;40;9999;1;"Аксессуары к радиостанциям"
43;2;41;62;9999;1;"Антенно-фидерные устройства"
44;2;63;64;9999;1;"ВЧ эквиваленты нагрузки"
45;2;65;66;9999;1;"Грозоразрядники"
46;2;67;68;9999;1;"Источники питания"
47;2;69;70;9999;1;"КВ радиостанции"
48;2;71;82;9999;1;"Мобильные УКВ радиостанции"
49;2;83;84;9999;1;"Приборы для измерения характеристик АФУ"
50;2;85;106;9999;1;"Радиолюбительская аппаратура"
51;2;107;148;9999;1;"Радиолюбительское оборудование"
52;2;149;150;9999;1;"Радиофикация и оповещение"
53;2;151;164;9999;1;"Ретрансляторы"
54;2;165;174;9999;1;"УКВ носимые радиостанции"
55;3;177;178;9999;1;"Бесконтактные выключатели для работы в среде высокого давления Теко"
56;3;179;180;9999;1;"Бесконтатные выключатели контроля минимальной скорости Теко"
57;3;181;182;9999;1;"Блоки сопряжения Теко NAMUR"
58;3;183;188;9999;1;"Герконовые выключатели Теко"
59;3;189;190;9999;1;"Датчики контроля скорости Сенсор"
60;3;191;192;9999;1;"Датчики магнитного поля"
61;3;193;194;9999;1;"Датчики метки оптические Сенсор"
62;3;195;196;9999;1;"Датчики напряжения"
63;3;197;198;9999;1;"Датчики положения аналоговые Сенсор"
64;3;199;200;9999;1;"Датчики тока"
65;3;201;202;9999;1;"Емкостные выключатели Сенсор"
66;3;203;204;9999;1;"Емкостные выключатели Теко"
67;3;205;206;9999;1;"Индуктивные выключатели Сенсор"
68;3;207;222;9999;1;"Индуктивные выключатели Теко"
69;3;223;224;9999;1;"Индуктивные преобразователи перемещения Теко"
70;3;225;226;9999;1;"Оптические выключатели Сенсор"
71;3;227;234;9999;1;"Оптические выключатели Теко"
72;3;235;236;9999;1;"Разное"
73;3;237;238;9999;1;"Соединители к бесконтактным выключателям Теко"
74;4;241;260;9999;1;"Bluetooth/Wi-Fi"
75;4;261;278;9999;1;"GPS-приемники"
76;4;279;292;9999;1;"ZigBee/DECT/RF"
77;4;293;294;9999;1;"Аксессуары"
78;4;295;296;9999;1;"Антенны"
79;4;297;334;9999;1;"Модули и терминалы стандарта GSM и CDMA"
80;4;335;336;9999;1;"Переходники"
81;1;1830;1831;9999;1;"Отладочные наборы и платы, программаторы"
129;7;339;340;9999;1;"Индуктивности"
130;7;341;342;9999;1;"Кварцы"
131;7;343;344;9999;1;"Конденсаторы"
132;7;345;346;9999;1;"Оптоэлектронные и светоизлучающие приборы"
133;7;347;348;9999;1;"Резисторы"
134;8;355;356;9999;1;"Защитные одежда и инструмент"
135;8;357;358;9999;1;"Измерительный инструмент"
136;8;359;360;9999;1;"Инструмент Bernstein"
137;8;361;362;9999;1;"Инструмент DIMA"
138;8;363;364;9999;1;"Инструмент PROSKIT"
139;8;365;366;9999;1;"Наборы инструментов"
140;8;367;368;9999;1;"Подьемный инструмент"
141;8;369;374;9999;1;"Приспособления и оснастка"
142;8;375;396;9999;1;"Радиомонтажный инструмент"
143;8;397;406;9999;1;"Разное"
144;8;407;408;9999;1;"Режущий инструмент"
145;8;409;410;9999;1;"Садовый инструмент"
146;8;411;422;9999;1;"Слесарный инструмент"
147;8;423;424;9999;1;"Чемоданы, кейсы для инструмента"
148;8;425;426;9999;1;"Шлиф материалы"
149;8;427;428;9999;1;"Электрический инструмент"
150;9;431;446;9999;1;"Аккумуляторы"
151;9;447;454;9999;1;"Батареи"
152;9;455;456;9999;1;"Зарядные устройства"
153;9;457;458;9999;1;"Источники переменного тока"
154;9;459;460;9999;1;"Конверторы"
155;9;461;462;9999;1;"Отсеки для батарей и аккумуляторов"
156;9;463;464;9999;1;"Преобразователи напряжения"
157;9;465;466;9999;1;"Прочие источники питания"
158;9;467;468;9999;1;"Разное"
159;9;469;470;9999;1;"Стабилизаторы напряжения"
160;10;473;474;9999;1;"Кабели радиочастотные"
161;10;475;476;9999;1;"Кабели телефонные"
162;10;477;478;9999;1;"Кабели электрические"
163;10;479;480;9999;1;"Кабельная маркировка"
164;10;481;482;9999;1;"Кабельные наконечники"
165;10;483;484;9999;1;"Провода монтажные"
166;10;485;486;9999;1;"Разное"
167;10;487;488;9999;1;"Удлинители, шнуры питания"
169;10;489;490;9999;1;"Шлейфы"
170;11;493;498;9999;1;"Анализаторы"
171;11;499;500;9999;1;"Барьеры искрозащиты"
172;11;501;504;9999;1;"Блоки питания и сетевые фильтры"
174;11;505;528;9999;1;"Датчики"
176;11;529;530;9999;1;"Дозиметры"
177;11;531;548;9999;1;"Запорно-регулирующая аппаратура"
178;11;549;570;9999;1;"Оптические приборы"
179;11;571;576;9999;1;"Преобразователи"
180;11;577;598;9999;1;"Приборы для измерения давления"
181;11;599;614;9999;1;"Приборы для измерения параметров климата"
182;11;615;628;9999;1;"Приборы для измерения температуры"
183;11;629;638;9999;1;"Приборы для контроля и регулирования температуры"
184;11;639;652;9999;1;"Приборы неразрушающего контроля"
185;11;653;668;9999;1;"Промышленная автоматика"
187;11;669;678;9999;1;"Разное"
188;11;679;682;9999;1;"Регистраторы, самописцы"
189;11;683;698;9999;1;"Счетчики"
190;11;699;700;9999;1;"Тахометры"
191;11;701;704;9999;1;"Уровнемеры"
192;12;709;710;9999;1;"Автоэлектроника"
193;12;711;712;9999;1;"Акустические устройства"
194;12;713;714;9999;1;"Бестрансформ. Источники питания"
195;12;715;716;9999;1;"Бытовая электротехника и автоматика"
196;12;717;718;9999;1;"Зарядные устройства"
197;12;719;720;9999;1;"Звуковые эффекты"
198;12;721;722;9999;1;"Измерительные устройства"
199;12;723;724;9999;1;"Импульсные источники питания"
200;12;725;726;9999;1;"Импульсные преобразователи напряжения"
201;12;727;728;9999;1;"Источники бесперебойного питания"
202;12;729;730;9999;1;"Источники питания"
203;12;731;732;9999;1;"Компьютерная переферия"
204;12;733;734;9999;1;"Новогодние световые эффекты"
205;12;735;736;9999;1;"Охранные устройства"
206;12;737;738;9999;1;"Пластиковые корпуса"
207;12;739;740;9999;1;"Приемо-передающие устройства"
208;12;741;742;9999;1;"Радиаторы"
209;12;743;744;9999;1;"Световые эффекты"
210;12;745;746;9999;1;"Теле-видео устройства"
211;12;747;748;9999;1;"Телефонные аксесуары"
212;12;749;750;9999;1;"Трансформаторы"
213;12;751;752;9999;1;"Электронные игры"
214;12;753;754;9999;1;"Электронные ультразвуковые репелленты"
216;14;759;760;9999;1;"Диоды"
217;14;761;762;9999;1;"Индуктивности"
218;14;763;764;9999;1;"Кварцы"
219;14;765;774;9999;1;"Конденсаторы"
220;14;775;776;9999;1;"Микросхемы"
221;14;777;778;9999;1;"Оптоэлектронные и светоизлучающие приборы"
222;14;779;780;9999;1;"Разное"
223;14;781;790;9999;1;"Резисторы"
224;14;791;798;9999;1;"Силовые приборы"
225;14;799;800;9999;1;"Стабилитроны"
226;14;801;802;9999;1;"Тиристоры"
227;14;803;808;9999;1;"Транзисторы"
228;14;809;810;9999;1;"Электровакуумные приборы"
229;15;813;824;9999;1;"Аксессуары к паяльному оборудованию"
230;15;825;826;9999;1;"Воздухоочистка"
231;15;827;828;9999;1;"Паяльники"
232;15;829;830;9999;1;"Паяльники газовые"
233;15;831;832;9999;1;"Паяльные станции"
234;15;833;834;9999;1;"Подогреватели и ванны"
236;17;837;854;9999;1;"Антистатическое оснащение"
237;17;855;856;9999;1;"Помышленная мебель прочих производителей"
238;17;857;858;9999;1;"Промышленная мебель АКТАКОМ"
239;17;859;886;9999;1;"Промышленная мебель БелТема"
240;17;887;902;9999;1;"Промышленная мебель Викинг"
241;17;903;914;9999;1;"Промышленная мебель Гефесд"
242;17;915;916;9999;1;"Промышленная мебель КонсЭрго"
243;18;921;972;9999;1;"Литература и справочные материалы"
244;18;973;974;9999;1;"Сварочное оборудование"
245;18;975;998;9999;1;"Техника"
246;19;1001;1002;9999;1;"ВЧ разъемы"
247;19;1003;1004;9999;1;"Заглушки"
248;19;1005;1006;9999;1;"Клеммные колодки и зажимы"
249;19;1007;1008;9999;1;"Контрольные гнезда и штыри"
250;19;1009;1010;9999;1;"Оптические разъемы"
251;19;1011;1012;9999;1;"Панельки под микросхемы"
252;19;1013;1014;9999;1;"Патч-панели"
253;19;1015;1016;9999;1;"Продукция компании WIELAND"
254;1;1834;1835;9999;1;"Продукция HARTING"
255;19;1017;1018;9999;1;"Разъемы WAGO"
256;19;1019;1020;9999;1;"Разъемы WIELAND"
257;19;1021;1022;9999;1;"Разъемы аудио, видео, ТВ"
258;19;1023;1024;9999;1;"Разъемы блочного питания"
259;19;1025;1026;9999;1;"Разъемы блочного соединения"
260;19;1027;1028;9999;1;"Разъемы ВЧ"
261;19;1029;1030;9999;1;"Разъемы миниатюрные"
263;19;1031;1032;9999;1;"Разъемы прочие"
264;19;1033;1034;9999;1;"Разъемы прямоугольные"
265;19;1035;1036;9999;1;"Разъемы телефонные и сетевые"
266;19;1037;1038;9999;1;"Разъемы цилиндрические"
267;19;1039;1040;9999;1;"Резисторы"
268;19;1041;1042;9999;1;"Считыватели карт"
282;24;1045;1046;9999;1;"Аэрозоли"
283;24;1047;1048;9999;1;"Клеи, Лаки"
284;24;1049;1050;9999;1;"Материалы"
285;24;1051;1052;9999;1;"Пасты, смазки"
286;24;1053;1054;9999;1;"Припои, Флюсы"
287;24;1055;1056;9999;1;"Разное"
288;25;1059;1066;9999;1;"Аксессуары"
289;25;1067;1082;9999;1;"Аксессуары к мультиметрам и вольтметрам"
290;25;1083;1084;9999;1;"Амперметры"
291;25;1085;1106;9999;1;"Анализаторы спектра"
292;25;1107;1108;9999;1;"Аттенюаторы"
293;25;1109;1110;9999;1;"Веберметры"
294;25;1111;1144;9999;1;"Вольтметры"
295;25;1145;1196;9999;1;"Генераторы"
296;25;1197;1224;9999;1;"Измерители RLC"
297;25;1225;1226;9999;1;"Измерители АЧХ"
298;25;1227;1228;9999;1;"Измерители КСВН"
299;25;1229;1242;9999;1;"Измерители мощности"
300;25;1243;1244;9999;1;"Измерители нелинейных искажений"
301;25;1245;1246;9999;1;"Измерители параметров полупроводниковых приборов"
302;25;1247;1290;9999;1;"Измерители параметров электрических сетей"
303;25;1291;1296;9999;1;"Измерители параметров элементов и трактов с распределенными постоянными"
304;25;1297;1298;9999;1;"Измерители разности фаз и группового времени запаздывания"
305;25;1299;1326;9999;1;"Измерители сопротивления"
306;25;1327;1328;9999;1;"Измерительные преобразователи"
307;25;1329;1332;9999;1;"Индикаторы напряжения, пробники"
308;25;1333;1334;9999;1;"Испытатели полупроводниковых приборов"
309;25;1335;1350;9999;1;"Калибраторы"
310;25;1351;1386;9999;1;"Клещи токоизмерительные"
311;25;1387;1424;9999;1;"Лабораторные источники питания"
312;25;1425;1426;9999;1;"Лабораторные стандарты тока"
313;25;1427;1428;9999;1;"Модули ЦОС"
314;25;1429;1434;9999;1;"Мосты, меры, элементы нормальные"
315;25;1435;1478;9999;1;"Мультиметры"
316;25;1479;1486;9999;1;"Нагрузки электронные"
317;25;1487;1546;9999;1;"Осциллографы"
318;25;1547;1550;9999;1;"Приборы для измерения электромагнитных полей"
319;25;1551;1554;9999;1;"Приборы для работы на линиях связи"
320;25;1555;1556;9999;1;"Приборы для сигнализации и связи в системе МПС"
321;25;1557;1570;9999;1;"Приборы для телерадиокоммуникаций"
322;25;1571;1596;9999;1;"Приставки к ПК"
323;25;1597;1598;9999;1;"Программаторы"
324;25;1599;1600;9999;1;"Тестеры"
325;25;1601;1602;9999;1;"Усилители"
326;25;1603;1604;9999;1;"Устройства для создания систем"
327;25;1605;1632;9999;1;"Частотомеры"
328;25;1633;1662;9999;1;"Щитовые приборы"
329;26;1665;1666;9999;1;"Вентиляторы"
331;26;1667;1668;9999;1;"Выключатели"
332;26;1669;1672;9999;1;"Звукоизлучатели, предохранители"
333;26;1673;1674;9999;1;"Кабельные вводы"
334;26;1675;1676;9999;1;"Контакторы"
335;26;1677;1678;9999;1;"Корпуса,платы,стойки"
336;26;1679;1680;9999;1;"Муфты электромагнитные"
337;26;1681;1682;9999;1;"Ограничители перенапряжения"
338;26;1683;1686;9999;1;"Осветительное оборудование"
339;26;1687;1688;9999;1;"Посты кнопочные,кнопки,тумблеры,переключатели"
340;26;1689;1690;9999;1;"Пускатели"
341;26;1691;1692;9999;1;"Разное"
342;26;1693;1694;9999;1;"Разрядники,изоляторы"
343;26;1695;1696;9999;1;"Разъединители"
344;26;1697;1722;9999;1;"Реле"
345;26;1723;1724;9999;1;"Рубильники"
346;26;1725;1726;9999;1;"Наконечники кабельные"
347;26;1727;1728;9999;1;"Трансформаторы"
348;26;1729;1730;9999;1;"Шкафы электротехнические"
349;26;1731;1732;9999;1;"Шунты"
350;26;1733;1736;9999;1;"Электродвигатели"
409;41;4;5;9999;1;"MOTOROLA"
410;42;8;11;9999;1;"ALINCO"
411;42;12;15;9999;1;"EFJOHNSON"
412;42;16;19;9999;1;"GE"
413;42;20;23;9999;1;"ICOM"
414;42;24;27;9999;1;"KENWOOD"
415;42;28;31;9999;1;"MAXON"
416;42;32;35;9999;1;"MOTOROLA"
417;42;36;39;9999;1;"VERTEX STANDARD/ YAESU"
418;43;42;53;9999;1;"Антенны УКВ диапазонов"
419;43;54;55;9999;1;"Делители мощности"
420;43;56;57;9999;1;"Крепление для кабеля"
421;43;58;59;9999;1;"Мачты"
422;43;60;61;9999;1;"Такелаж"
423;48;72;73;9999;1;"ALINCO"
424;48;74;75;9999;1;"ICOM"
425;48;76;77;9999;1;"KENWOOD"
426;48;78;79;9999;1;"MOTOROLA"
427;48;80;81;9999;1;"VERTEX STANDARD"
428;50;86;87;9999;1;"КВ и УКВ трансиверы"
429;50;88;93;9999;1;"Мобильные УКВ радиостанции"
430;50;94;103;9999;1;"УКВ носимые радиостанции"
431;50;104;105;9999;1;"Усилители мощности"
432;51;108;109;9999;1;"CB радиостанции"
433;51;110;111;9999;1;"Антенные коммутаторы"
434;51;112;121;9999;1;"Антенны КВ диапазонов"
435;51;122;129;9999;1;"Антенны УКВ диапазонов"
436;51;130;131;9999;1;"Гарнитуры, манипуляторы, педали"
437;51;132;133;9999;1;"КВ и УКВ трансиверы"
438;51;134;139;9999;1;"Мобильные УКВ радиостанции"
439;51;140;141;9999;1;"Пакетные контроллеры"
440;51;142;143;9999;1;"Поворотные устройства"
441;51;144;145;9999;1;"Тюнеры антенные"
442;51;146;147;9999;1;"Фильтры"
443;53;152;153;9999;1;"ICOM"
444;53;154;155;9999;1;"KENWOOD"
445;53;156;157;9999;1;"MOTOROLA"
446;53;158;159;9999;1;"SPECTRA"
447;53;160;161;9999;1;"TAIT"
448;53;162;163;9999;1;"VERTEX STANDARD"
449;54;166;167;9999;1;"ICOM"
450;54;168;169;9999;1;"KENWOOD"
451;54;170;171;9999;1;"MOTOROLA"
452;54;172;173;9999;1;"VERTEX STANDARD"
453;58;184;185;9999;1;"Датчики уровня герконовые Теко"
454;58;186;187;9999;1;"Поплавковые выключатели уровня жидкости"
455;68;208;209;9999;1;"Индуктивные 3-х проводные выключатели высокой чувствительности"
456;68;210;211;9999;1;"Индуктивные взрывобезопасные выключатели NAMUR"
457;68;212;213;9999;1;"Индуктивные выключатели 2-х проводные постоянного тока"
458;68;214;215;9999;1;"Индуктивные выключатели 3-х, 4-х проводные постоянного тока"
459;68;216;217;9999;1;"Индуктивные выключатели переменного напряжения"
460;68;218;219;9999;1;"Индуктивные выключатели переменного/постоянного тока"
461;68;220;221;9999;1;"Индуктивные кольцевые выключатели"
462;71;228;229;9999;1;"Диафрагмы"
463;71;230;231;9999;1;"Кронштейны"
464;71;232;233;9999;1;"Световозвращатели"
465;74;242;243;9999;1;"AMBER"
466;74;244;245;9999;1;"APM"
467;74;246;247;9999;1;"BARACODA"
468;74;248;249;9999;1;"BLUEGIGA"
469;74;250;251;9999;1;"CC&C"
470;74;252;253;9999;1;"EIKON"
471;74;254;255;9999;1;"INITIUM"
472;74;256;257;9999;1;"Mitsumi"
473;74;258;259;9999;1;"SENA"
474;75;262;263;9999;1;"GPS-приемники EVERMORE"
475;75;264;265;9999;1;"GPS-приемники Garmin"
476;75;266;267;9999;1;"GPS-приемники GlobalSat"
477;75;268;269;9999;1;"GPS-приемники Locsense"
478;75;270;271;9999;1;"GPS-приемники Trimble"
479;75;272;273;9999;1;"GPS-приемники Tyco"
480;75;274;275;9999;1;"GPS-приемники UNITRAQ"
481;75;276;277;9999;1;"GPS-приемники Wonde"
482;76;280;281;9999;1;"CIRRONET"
483;76;282;283;9999;1;"LINX"
484;76;284;285;9999;1;"MSTR"
485;76;286;287;9999;1;"RFM"
486;76;288;289;9999;1;"TELC"
487;76;290;291;9999;1;"TI/CC"
488;79;298;301;9999;1;"AnyDATA"
489;79;302;305;9999;1;"Conel"
490;79;306;307;9999;1;"Enfora"
491;79;308;311;9999;1;"Novacom"
492;79;312;317;9999;1;"Siemens"
493;79;318;321;9999;1;"Sim Technology"
494;79;322;325;9999;1;"Teltonika"
495;79;326;333;9999;1;"Wavecom"
558;141;370;371;9999;1;"Лупы"
559;141;372;373;9999;1;"Пинцеты"
560;142;376;377;9999;1;"Бокорезы"
561;142;378;379;9999;1;"Длинногубцы"
562;142;380;381;9999;1;"Инструмент для заделки кроссов и розеток"
563;142;382;383;9999;1;"Инструмент для обжима"
564;142;384;385;9999;1;"Инструмент для работы с кабелем"
565;142;386;387;9999;1;"Инструмент для снятия изоляции"
566;142;388;389;9999;1;"Клещи"
567;142;390;391;9999;1;"Круглогубцы"
568;142;392;393;9999;1;"Кусачки"
569;142;394;395;9999;1;"Плоскогубцы"
570;143;398;399;9999;1;"Инструмент для стяжек"
571;143;400;401;9999;1;"Крепежные изделия"
572;143;402;403;9999;1;"Термоклеевое оборудование"
573;146;412;413;9999;1;"Зажимной инструмент"
574;146;414;415;9999;1;"Ключи"
575;146;416;417;9999;1;"Молотки"
576;146;418;419;9999;1;"Напильники"
577;146;420;421;9999;1;"Отвертки"
578;150;432;433;9999;1;"Дисковые"
579;150;434;435;9999;1;"Для радиотелефонов и радиостанций"
580;150;436;437;9999;1;"Для фото и видеокамер"
581;150;438;439;9999;1;"Остальные"
582;150;440;441;9999;1;"Свинцовые"
583;150;442;443;9999;1;"Специальные"
584;150;444;445;9999;1;"Цилиндрические"
585;151;448;449;9999;1;"Дисковые"
586;151;450;451;9999;1;"Остальные"
587;151;452;453;9999;1;"Цилиндрические"
588;170;494;495;9999;1;"Анализаторы водных растворов"
589;170;496;497;9999;1;"Анализаторы сырья и материалов"
590;172;502;503;9999;1;"Сетевые фильтры"
591;174;506;507;9999;1;"Датчики веса"
592;174;508;509;9999;1;"Датчики влажности"
593;174;510;511;9999;1;"Датчики давления"
594;174;512;513;9999;1;"Датчики положения (расстояния)"
595;174;514;515;9999;1;"Датчики угловых перемещений (энкодеры)"
596;174;516;517;9999;1;"Датчики ультразвуковые"
597;174;518;519;9999;1;"Датчики усилия"
598;174;520;521;9999;1;"Датчики ускорения (акселерометры)"
599;174;522;523;9999;1;"Механические датчики положения"
600;174;524;525;9999;1;"Пламени и УФ излучения"
601;174;526;527;9999;1;"Датчики давления"
602;177;532;533;9999;1;"Блоки управления"
603;177;534;535;9999;1;"Вентили"
604;177;536;537;9999;1;"Исполнительные механизмы"
605;177;538;539;9999;1;"Клапаны"
606;177;540;541;9999;1;"Краны"
607;177;542;543;9999;1;"Отборные устройства"
608;177;544;545;9999;1;"Регуляторы"
609;177;546;547;9999;1;"Соединители труб"
610;178;550;551;9999;1;"Датчики контраста"
611;178;552;553;9999;1;"Датчики оптические"
612;178;554;555;9999;1;"Датчики цвета"
613;178;556;557;9999;1;"Нивелиры"
614;178;558;559;9999;1;"Рефрактометры и поляриметры"
615;178;560;561;9999;1;"Спектрометры"
616;178;562;563;9999;1;"Тахеометры"
617;178;564;565;9999;1;"Теодолиты"
618;178;566;567;9999;1;"Фотометры и фотоколориметры"
619;178;568;569;9999;1;"Хроматографы"
621;179;572;575;9999;1;"Преобразователи давления"
622;180;578;579;9999;1;"Вакуумметры"
623;180;580;583;9999;1;"Дифманометры"
624;180;584;585;9999;1;"Мановакуумметры"
625;180;586;587;9999;1;"Манометры"
626;180;588;589;9999;1;"Мембраны разделительные"
627;180;590;591;9999;1;"Напоромеры"
628;180;592;593;9999;1;"Прочие приборы"
629;180;594;595;9999;1;"Тягомеры"
630;180;596;597;9999;1;"Тягонапоромеры"
631;181;600;603;9999;1;"Анемометры"
632;181;604;605;9999;1;"Барометры"
633;181;606;607;9999;1;"Гигрометры"
634;181;608;609;9999;1;"Измерители концентрации пыли"
635;181;610;611;9999;1;"Измерители освещенности"
636;181;612;613;9999;1;"Измерители температуры и влажности"
637;182;616;617;9999;1;"Аксессуары к измерителям температуры"
638;182;618;619;9999;1;"Гильзы защитные"
639;182;620;621;9999;1;"Нормирующие преобразователи"
640;182;622;623;9999;1;"Пирометры"
641;182;624;625;9999;1;"Термометры"
642;182;626;627;9999;1;"Термопреобразователи"
643;183;630;631;9999;1;"Датчики-реле"
644;183;632;633;9999;1;"Позиционные регуляторы"
645;183;634;635;9999;1;"Регуляторы температуры (ПИД-регуляторы)"
646;183;636;637;9999;1;"Термостаты"
647;184;640;641;9999;1;"Дефектоскопы"
648;184;642;643;9999;1;"Измерители шума и вибрации"
649;184;644;645;9999;1;"Приборы для измерения прочности"
650;184;646;647;9999;1;"Приборы контроля лакокрасочных покрытий"
651;184;648;649;9999;1;"Твердомеры"
652;184;650;651;9999;1;"Толщиномеры"
653;185;654;655;9999;1;"Адаптеры интерфейса"
654;185;656;657;9999;1;"Измерительные преобразователи"
655;185;658;659;9999;1;"Модули ввода/вывода"
656;185;660;661;9999;1;"Оборудование для станков с ЧПУ"
657;185;662;663;9999;1;"Оборудование мониторинга и сбора данных"
658;185;664;665;9999;1;"Преобразователи сигналов"
659;185;666;667;9999;1;"Промышленные компьютеры"
664;187;670;671;9999;1;"Металлодетекторы"
665;187;672;673;9999;1;"Металлоискатели"
666;187;674;675;9999;1;"Таймеры"
667;187;676;677;9999;1;"Тече- и трассоискатели"
668;188;680;681;9999;1;"Комплектующие и расходные материалы"
669;189;684;685;9999;1;"Диафрагмы"
670;189;686;687;9999;1;"Расходомеры"
671;189;688;689;9999;1;"Реле потока"
672;189;690;691;9999;1;"Счетчики воды"
673;189;692;693;9999;1;"Счетчики импульсов"
674;189;694;695;9999;1;"Счетчики нефтепродуктов"
675;189;696;697;9999;1;"Счетчики электроэнергии"
676;191;702;703;9999;1;"Приборы для сигнализации и управления насосами"
677;219;766;767;9999;1;"Неполярные керамические"
678;219;768;769;9999;1;"Неполярные прочие"
679;219;770;771;9999;1;"Полярные оксидно-полупроводниковые"
680;219;772;773;9999;1;"Полярные электролитические"
681;223;782;783;9999;1;"Варисторы"
682;223;784;785;9999;1;"Резисторы переменные"
683;223;786;787;9999;1;"Резисторы постоянные"
684;223;788;789;9999;1;"Терморезисторы"
685;224;792;793;9999;1;"Силовые диоды"
686;224;794;795;9999;1;"Силовые модули"
687;224;796;797;9999;1;"Силовые тиристоры"
688;227;804;805;9999;1;"Биполярные транзисторы"
689;227;806;807;9999;1;"Полевые транзисторы"
690;229;814;815;9999;1;"Вспомогательные приборы"
691;229;816;817;9999;1;"Дозаторы"
692;229;818;819;9999;1;"Наконечники"
693;229;820;821;9999;1;"Освещение и визуальный контроль"
694;229;822;823;9999;1;"Разное"
696;236;838;839;9999;1;"Антистатическая маркировка зон"
697;236;840;841;9999;1;"Антистатическая одежда и обувь"
698;236;842;843;9999;1;"Антистатическая тара и упаковка"
699;236;844;845;9999;1;"Антистатические канцелярские принадлежности"
700;236;846;847;9999;1;"Антистатические комплекты заземления"
701;236;848;849;9999;1;"Антистатические покрытия"
702;236;850;851;9999;1;"Антистатический инструмент"
703;236;852;853;9999;1;"Антистатическое оборудование"
704;239;860;871;9999;1;"Опции к рабочим столам"
705;239;872;873;9999;1;"Рабочие места"
706;239;874;881;9999;1;"Рабочие столы"
707;239;882;883;9999;1;"Стойки для комплектующих, стеллажи, тумбы, столы, стулья, верстаки"
708;239;884;885;9999;1;"Шкафы для документации и одежды"
709;240;888;889;9999;1;"Крепления"
710;240;890;891;9999;1;"Освещение, электропанели"
711;240;892;893;9999;1;"Панели"
712;240;894;895;9999;1;"Полки, подставки, стойки "
713;240;896;897;9999;1;"Столы"
714;240;898;899;9999;1;"Стулья"
715;240;900;901;9999;1;"Шкафы, стеллажи, тумбы"
716;241;904;905;9999;1;"Дополнительное оснащение"
717;241;906;907;9999;1;"Серия \"Бизнес\""
718;241;908;909;9999;1;"Серия \"Каскад\""
719;241;910;911;9999;1;"Серия \"Островная\""
720;241;912;913;9999;1;"Серия \"Стандарт\""
721;243;922;923;9999;1;"Альбомы схем"
722;243;924;925;9999;1;"Журналы по электронике"
723;243;926;927;9999;1;"Компакт-диски"
724;243;928;929;9999;1;"Компьютерная литература"
725;243;930;931;9999;1;"Литература для радиолюбителей"
726;243;932;933;9999;1;"Литература для разработчиков"
727;243;934;935;9999;1;"Литература для ремонта"
728;243;936;937;9999;1;"Литература по радиосвязи"
729;243;938;939;9999;1;"Литература по ремонту аудио- и видеотехники"
730;243;940;941;9999;1;"Литература по ремонту бытовой электроники"
731;243;942;943;9999;1;"Литература по ремонту источников питания"
732;243;944;945;9999;1;"Литература по ремонту мобильных телефонов"
733;243;946;947;9999;1;"Литература по ремонту офисной техники"
734;243;948;949;9999;1;"Литература по ремонту телевизоров"
735;243;950;951;9999;1;"Литература по смежным направлениям"
736;243;952;953;9999;1;"Маркировка и обозначение радиоэлементов"
737;243;954;955;9999;1;"Прочие справочники"
738;243;956;957;9999;1;"Справочники"
739;243;958;959;9999;1;"Справочники по диодам"
740;243;960;961;9999;1;"Справочники по микросхемам"
741;243;962;963;9999;1;"Справочники по оптоэлектронным устройствам"
742;243;964;965;9999;1;"Справочники по транзисторам"
743;243;966;967;9999;1;"Справочники по установочным элементам"
744;243;968;969;9999;1;"Схемы и сервис-мануалы на CD"
745;243;970;971;9999;1;"Учебники, теория, стандарты и другое"
746;245;976;977;9999;1;"Видеоголовки"
747;245;978;979;9999;1;"Запчасти для копиров и факсов SHARP"
748;245;980;981;9999;1;"Звукосниматели"
749;245;982;983;9999;1;"ИК приемники"
750;245;984;985;9999;1;"Лазерные головки"
751;245;986;987;9999;1;"Механические детали"
752;245;988;989;9999;1;"Моторы для бытовой техники"
753;245;990;991;9999;1;"Пульты ДУ"
754;245;992;993;9999;1;"Разное"
755;245;994;995;9999;1;"Тюнеры"
756;245;996;997;9999;1;"Шлейфы и кабели"
786;288;1060;1061;9999;1;"Аксессуары для приборов SONEL"
787;288;1062;1063;9999;1;"Измерительные провода"
788;288;1064;1065;9999;1;"Магазины сопротивлений"
789;289;1068;1069;9999;1;"Зажимы"
790;289;1070;1071;9999;1;"Измерительные комплекты"
791;289;1072;1073;9999;1;"Наконечники"
792;289;1074;1075;9999;1;"Переходники (адаптеры)"
793;289;1076;1077;9999;1;"Прочие аксессуары"
794;289;1078;1079;9999;1;"Соединительные провода"
795;289;1080;1081;9999;1;"Чехлы"
796;291;1086;1087;9999;1;"Аксессуары"
797;291;1088;1089;9999;1;"Анализаторы спектра AGILENT TEСHNOLOGIES"
798;291;1090;1091;9999;1;"Анализаторы спектра AKIP"
799;291;1092;1097;9999;1;"Анализаторы спектра GW INSTEK"
800;291;1098;1101;9999;1;"Анализаторы спектра LIGNEX1"
801;291;1102;1103;9999;1;"Анализаторы спектра LIGNEX2"
802;291;1104;1105;9999;1;"Анализаторы спектра PROTEK"
803;294;1112;1113;9999;1;"Вольтметры переменного и постоянного напряжения"
804;294;1114;1115;9999;1;"Вольтметры переменного напряжения"
805;294;1116;1117;9999;1;"Вольтметры переменного тока фирмы GW INSTEK"
806;294;1118;1119;9999;1;"Вольтметры постоянного напряжения"
807;294;1120;1121;9999;1;"Вольтметры СВЧ"
808;294;1122;1123;9999;1;"Вольтметры селективные"
809;294;1124;1141;9999;1;"Вольтметры универсальные"
810;294;1142;1143;9999;1;"Измерители отношения и преобразователи напряжений"
811;295;1146;1147;9999;1;"Аксессуары к генераторам"
812;295;1148;1159;9999;1;"Генераторы ВЧ"
813;295;1160;1169;9999;1;"Генераторы импульсов"
814;295;1170;1171;9999;1;"Генераторы НЧ"
815;295;1172;1173;9999;1;"Генераторы сигналов сложной формы"
816;295;1174;1193;9999;1;"Генераторы сигналов специальной формы"
817;295;1194;1195;9999;1;"Стандарты и синтезаторы частот"
818;296;1198;1199;9999;1;"Измерители RLC CEM"
819;296;1200;1201;9999;1;"Измерители RLC FLUKE"
820;296;1202;1203;9999;1;"Измерители RLC GW INSTEK"
821;296;1204;1205;9999;1;"Измерители RLC Mastech"
822;296;1206;1207;9999;1;"Измерители RLC MOTECH"
823;296;1208;1209;9999;1;"Измерители RLC VICTOR"
824;296;1210;1213;9999;1;"Измерители RLC Wayne Kerr"
825;296;1214;1215;9999;1;"Измерители RLC АКИП"
826;296;1216;1219;9999;1;"Измерители RLC АКТАКОМ"
827;296;1220;1221;9999;1;"Измерители RLC отечественные"
828;296;1222;1223;9999;1;"Измерители RLC прочие"
829;299;1230;1231;9999;1;"Аксессуары к измерителям мощности"
830;299;1232;1233;9999;1;"Измерители мощности Boonton"
831;299;1234;1235;9999;1;"Измерители мощности GW INSTEK"
832;299;1236;1237;9999;1;"Измерители мощности PROTEK"
833;299;1238;1239;9999;1;"Измерители мощности Satory Technology"
834;299;1240;1241;9999;1;"Измерители мощности отечественные"
835;302;1248;1249;9999;1;"Аксессуары к измерителям качества электроэнергии и параметров электрических сетей А-КИП"
836;302;1250;1251;9999;1;"Аксессуары к измерителям параметров электрических сетей"
837;302;1252;1257;9999;1;"Измерители качества электрической энергии"
838;302;1258;1263;9999;1;"Измерители параметров УЗО"
839;302;1264;1265;9999;1;"Измерители параметров фаз"
840;302;1266;1267;9999;1;"Измерители параметров электрических сетей SEW"
841;302;1268;1275;9999;1;"Измерители параметров электробезопасности"
842;302;1276;1281;9999;1;"Измерители сопротивления заземления"
843;302;1282;1287;9999;1;"Измерители сопротивления изоляции"
844;302;1288;1289;9999;1;"Устройства для испытания изоляции"
845;303;1292;1293;9999;1;"Измерители КСВН"
846;303;1294;1295;9999;1;"Измерительные устройства коаксиальных и волноводных трактов"
847;305;1300;1301;9999;1;"Измерители сопротивления Kyoritsu"
848;305;1302;1303;9999;1;"Измерители сопротивления Mastech"
849;305;1304;1305;9999;1;"Измерители сопротивления SANWA"
850;305;1306;1307;9999;1;"Измерители сопротивления SEW"
851;305;1308;1309;9999;1;"Измерители сопротивления VICTOR"
852;305;1310;1311;9999;1;"Измерители сопротивления АКТАКОМ"
853;305;1312;1313;9999;1;"Измерители сопротивления прочие"
854;305;1314;1319;9999;1;"Мегаомметры"
855;305;1320;1325;9999;1;"Микроомметры и миллиомметры"
856;307;1330;1331;9999;1;"Указатели напряжения"
857;309;1336;1341;9999;1;"Калибраторы FLUKE"
858;309;1342;1343;9999;1;"Калибраторы АКИП"
859;309;1344;1345;9999;1;"Калибраторы осциллографов отечественные"
860;309;1346;1347;9999;1;"Калибраторы отечественные"
861;309;1348;1349;9999;1;"Установки и приборы для поверки вольтметров"
862;310;1352;1353;9999;1;"Клещи токоизмерительные APPA"
863;310;1354;1355;9999;1;"Клещи токоизмерительные CEM"
864;310;1356;1357;9999;1;"Клещи токоизмерительные FLUKE"
865;310;1358;1359;9999;1;"Клещи токоизмерительные KYORITSU"
866;310;1360;1361;9999;1;"Клещи токоизмерительные LEM"
867;310;1362;1363;9999;1;"Клещи токоизмерительные MASTECH"
868;310;1364;1365;9999;1;"Клещи токоизмерительные MOTECH"
869;310;1366;1367;9999;1;"Клещи токоизмерительные VICTOR"
870;310;1368;1369;9999;1;"Клещи токоизмерительные АКТАКОМ"
871;310;1370;1371;9999;1;"Клещи токоизмерительные прочие"
872;310;1372;1375;9999;1;"Клещи электроизмерительные APPA"
873;310;1376;1377;9999;1;"Клещи электроизмерительные BEHA UNITEST"
874;310;1378;1379;9999;1;"Клещи электроизмерительные CENTER"
875;310;1380;1381;9999;1;"Клещи электроизмерительные FLUKE"
876;310;1382;1383;9999;1;"Клещи электроизмерительные прочие"
877;310;1384;1385;9999;1;"Комплектующие для регистраторов"
878;311;1388;1389;9999;1;"Источники переменного тока"
879;311;1390;1391;9999;1;"Источники питания GW INSTEK"
880;311;1392;1393;9999;1;"Источники питания Shanghai МСР"
881;311;1394;1397;9999;1;"Источники питания Отечественные"
882;311;1398;1399;9999;1;"Источники постоянного тока"
883;311;1400;1407;9999;1;"Лабораторные источники питания GW INSTEK"
884;311;1408;1409;9999;1;"Лабораторные источники питания MOTECH"
885;311;1410;1411;9999;1;"Лабораторные источники питания VICTOR"
886;311;1412;1417;9999;1;"Лабораторные источники питания АКИП"
887;311;1418;1419;9999;1;"Лабораторные источники питания АКТАКОМ"
888;311;1420;1423;9999;1;"Лабораторные источники питания Отечественные"
889;314;1430;1431;9999;1;"Мосты"
890;314;1432;1433;9999;1;"Элементы нормальные"
891;315;1436;1437;9999;1;"Измерительные комплекты и аксессуары"
892;315;1438;1439;9999;1;"Мультиметры AGILENT TEСHNOLOGIES"
893;315;1440;1443;9999;1;"Мультиметры APPA"
894;315;1444;1445;9999;1;"Мультиметры CEM"
895;315;1446;1447;9999;1;"Мультиметры FLUKE"
896;315;1448;1449;9999;1;"Мультиметры GW INSTEK"
897;315;1450;1451;9999;1;"Мультиметры LEM-UNIGOR"
898;315;1452;1453;9999;1;"Мультиметры MASTECH"
899;315;1454;1455;9999;1;"Мультиметры METRIX"
900;315;1456;1457;9999;1;"Мультиметры SANWA"
901;315;1458;1459;9999;1;"Мультиметры UNI-T"
902;315;1460;1461;9999;1;"Мультиметры VICTOR"
903;315;1462;1463;9999;1;"Мультиметры А-КИП"
904;315;1464;1467;9999;1;"Мультиметры АКТАКОМ"
905;315;1468;1469;9999;1;"Мультиметры и тестеры KYORITSU"
906;315;1470;1471;9999;1;"Мультиметры отечественные"
907;315;1472;1473;9999;1;"Мультиметры прочие"
908;315;1474;1475;9999;1;"Приборы комбинированные отечественные"
909;315;1476;1477;9999;1;"Прочие"
910;316;1480;1481;9999;1;"Модульные нагрузки"
911;316;1482;1483;9999;1;"Программируемые нагрузки"
912;316;1484;1485;9999;1;"Шасси для модульных нагрузок"
913;317;1488;1491;9999;1;"Делители и аксессуары к осциллографам"
914;317;1492;1493;9999;1;"Логические анализаторы"
915;317;1494;1497;9999;1;"Осциллографы AGILENT TECHNOLOGIES"
916;317;1498;1499;9999;1;"Осциллографы Elan Digital Systems"
917;317;1500;1503;9999;1;"Осциллографы FLUKE"
918;317;1504;1507;9999;1;"Осциллографы GW INSTEK"
919;317;1508;1511;9999;1;"Осциллографы LECROY"
920;317;1512;1513;9999;1;"Осциллографы MCP"
921;317;1514;1515;9999;1;"Осциллографы RIGOL"
922;317;1516;1521;9999;1;"Осциллографы TEKTRONIX"
923;317;1522;1525;9999;1;"Осциллографы АКТАКОМ"
924;317;1526;1529;9999;1;"Осциллографы АКТАКОМ-IWATSU"
925;317;1530;1531;9999;1;"Осциллографы МСР"
926;317;1532;1541;9999;1;"Осциллографы-мультиметры"
927;317;1542;1543;9999;1;"Осциллографы отечественные"
928;317;1544;1545;9999;1;"Осциллографы прочие"
929;318;1548;1549;9999;1;"Аксессуары для приборов измерения электромагнитных полей"
930;319;1552;1553;9999;1;"Agilent Technologies"
931;321;1558;1559;9999;1;"Измерительное телевизионное оборудование"
932;321;1560;1561;9999;1;"Измерительное телекоммуникационное оборудование SEW"
933;321;1562;1565;9999;1;"Измерительное телекоммуникационное оборудование МОТЕСН"
934;321;1566;1567;9999;1;"Приборы для беспроводных линий связи"
935;321;1568;1569;9999;1;"Системные анализаторы"
936;322;1572;1573;9999;1;"Mini USB-лаборатории"
937;322;1574;1577;9999;1;"Аксессуары"
938;322;1578;1579;9999;1;"Генераторы"
939;322;1580;1581;9999;1;"Логические анализаторы"
940;322;1582;1583;9999;1;"Модули промышленной автоматизации"
941;322;1584;1585;9999;1;"Осциллографы"
942;322;1586;1587;9999;1;"Платы АЦП и ЦАП"
943;322;1588;1589;9999;1;"Платы устройств"
944;322;1590;1591;9999;1;"Регистраторы"
945;322;1592;1593;9999;1;"Устройства для создания систем"
946;322;1594;1595;9999;1;"Устройства сопряжения с ПК"
947;327;1606;1607;9999;1;"Отечественные"
948;327;1608;1609;9999;1;"Частотомеры AGILENT TEСHNOLOGIES"
949;327;1610;1611;9999;1;"Частотомеры FLUKE"
950;327;1612;1613;9999;1;"Частотомеры GW INSTEK"
951;327;1614;1615;9999;1;"Частотомеры MITECH"
952;327;1616;1617;9999;1;"Частотомеры PENDULUM"
953;327;1618;1619;9999;1;"Частотомеры Phase Matrix"
954;327;1620;1621;9999;1;"Частотомеры PROTEK"
955;327;1622;1623;9999;1;"Частотомеры VICTOR"
956;327;1624;1625;9999;1;"Частотомеры АКИП"
957;327;1626;1627;9999;1;"Частотомеры АКТАКОМ"
958;327;1628;1631;9999;1;"Частотомеры прочие"
959;328;1634;1635;9999;1;"Амперметры"
960;328;1636;1637;9999;1;"Вольтметры"
961;328;1638;1641;9999;1;"Измерители мощности"
962;328;1642;1647;9999;1;"Измерители универсальные"
963;328;1648;1649;9999;1;"Измерители цифровые программируемые"
964;328;1650;1651;9999;1;"Преобразователи универсальные POUNDFUL"
965;328;1652;1653;9999;1;"Частотомеры"
966;328;1654;1655;9999;1;"Частотомеры POUNDFUL"
967;332;1670;1671;9999;1;"Предохранители"
968;338;1684;1685;9999;1;"Лампы накаливания"
969;344;1698;1699;9999;1;"Блоки реле"
970;344;1700;1701;9999;1;"Реле времени"
971;344;1702;1703;9999;1;"Реле герконовые"
972;344;1704;1705;9999;1;"Реле промежуточные"
973;344;1706;1707;9999;1;"Реле прочие"
974;344;1708;1709;9999;1;"Реле твердотельные"
975;344;1710;1711;9999;1;"Реле температурные"
976;344;1712;1713;9999;1;"Реле тепловые"
977;344;1714;1715;9999;1;"Реле тока"
978;344;1716;1717;9999;1;"Реле указательные"
979;344;1718;1719;9999;1;"Реле электромагнитные"
982;350;1734;1735;9999;1;"Устройства управления и защиты электродвигателей"
1020;410;9;10;9999;1;"Аккумуляторы"
1021;411;13;14;9999;1;"Аккумуляторы"
1022;412;17;18;9999;1;"Аккумуляторы"
1023;413;21;22;9999;1;"Аккумуляторы"
1024;414;25;26;9999;1;"Аккумуляторы"
1025;415;29;30;9999;1;"Аккумуляторы"
1026;416;33;34;9999;1;"Аккумуляторы"
1027;417;37;38;9999;1;"Аккумуляторы"
1028;418;43;44;9999;1;"Автомобильные УКВ антенны"
1029;418;45;46;9999;1;"Базовые штыревые УКВ антенны"
1030;418;47;48;9999;1;"Коллинеарные дипольные системы"
1031;418;49;50;9999;1;"Направленные УКВ антенны"
1032;418;51;52;9999;1;"Фиксированные коллинеарные антенны"
1033;429;89;90;9999;1;"ICOM"
1034;429;91;92;9999;1;"YAESU"
1035;430;95;96;9999;1;"ALINCO"
1036;430;97;98;9999;1;"ICOM"
1037;430;99;100;9999;1;"KENWOOD"
1038;430;101;102;9999;1;"YAESU"
1039;434;113;114;9999;1;"Направленные многодиапазонные"
1040;434;115;116;9999;1;"Направленные однодиапазонные"
1041;434;117;118;9999;1;"Приемные антенны"
1042;434;119;120;9999;1;"Штыревые антенны"
1043;435;123;124;9999;1;"Автомобильные УКВ антенны"
1044;435;125;126;9999;1;"Базовые штыревые УКВ антенны"
1045;435;127;128;9999;1;"Направленные УКВ антенны"
1046;438;135;136;9999;1;"ICOM"
1047;438;137;138;9999;1;"YAESU"
1048;488;299;300;9999;1;"Терминалы"
1049;489;303;304;9999;1;"Терминалы"
1050;491;309;310;9999;1;"Терминалы"
1051;492;313;314;9999;1;"Модули"
1052;492;315;316;9999;1;"Терминалы"
1053;493;319;320;9999;1;"Модули"
1054;494;323;324;9999;1;"Терминалы"
1055;495;327;328;9999;1;"Модули"
1056;495;329;330;9999;1;"Модули Sony Ericsson"
1057;495;331;332;9999;1;"Терминалы"
1077;621;573;574;9999;1;"СКУР"
1078;623;581;582;9999;1;"Напорные трубки"
1079;631;601;602;9999;1;"Датчики-анемометры"
1080;704;861;862;9999;1;"Опции к рабочим столам серии 004 (С4)"
1081;704;863;864;9999;1;"Опции к рабочим столам серии 005 (С5)"
1082;704;865;866;9999;1;"Опции к рабочим столам серии 006 (С6)"
1083;704;867;868;9999;1;"Универсальные опции к сериям 004, 005, 006"
1084;704;869;870;9999;1;"Универсальные опции к сериям 004-011"
1085;706;875;876;9999;1;"Серия 004 (С4)"
1086;706;877;878;9999;1;"Серия 005 (С5)"
1087;706;879;880;9999;1;"Серия 006 (С6)"
1126;799;1093;1094;9999;1;"Аксессуары для анализаторов спектра GW INSTEK"
1127;799;1095;1096;9999;1;"Аксессуры к осциллографам GW INSTEK"
1128;800;1099;1100;9999;1;"Аксессуары для анализаторов спектра LIGNEX1"
1129;809;1125;1126;9999;1;"Вольтметры универсальные AGILENT TEСHNOLOGIES"
1130;809;1127;1128;9999;1;"Вольтметры универсальные FLUKE"
1131;809;1129;1130;9999;1;"Вольтметры универсальные GW INSTEK"
1132;809;1131;1132;9999;1;"Вольтметры универсальные IWATSU"
1133;809;1133;1134;9999;1;"Вольтметры универсальные PICOTEST"
1134;809;1135;1136;9999;1;"Вольтметры универсальные АИП"
1135;809;1137;1138;9999;1;"Вольтметры универсальные АКИП"
1136;809;1139;1140;9999;1;"Вольтметры универсальные отечественные"
1137;812;1149;1150;9999;1;"Генераторы ВЧ AGILENT TEСHNOLOGIES"
1138;812;1151;1152;9999;1;"Генераторы ВЧ Credix"
1139;812;1153;1154;9999;1;"Генераторы ВЧ GW INSTEK"
1140;812;1155;1156;9999;1;"Генераторы ВЧ АКИП"
1141;812;1157;1158;9999;1;"Генераторы ВЧ отечественные"
1142;813;1161;1162;9999;1;"Генераторы импульсов Elan Digital Systems"
1143;813;1163;1164;9999;1;"Генераторы импульсов PICOSECOND"
1144;813;1165;1166;9999;1;"Генераторы импульсов TABOR ELECTRONICS Ltd."
1145;813;1167;1168;9999;1;"Генераторы импульсов отечественные"
1146;816;1175;1176;9999;1;"Генераторы сигналов специальной формы AGILENT TEСHNOLOGIES"
1147;816;1177;1178;9999;1;"Генераторы сигналов специальной формы Elan Digital Systems"
1148;816;1179;1180;9999;1;"Генераторы сигналов специальной формы GW INSTEK"
1149;816;1181;1182;9999;1;"Генераторы сигналов специальной формы MOTECH"
1150;816;1183;1184;9999;1;"Генераторы сигналов специальной формы Rohde-Schwarz"
1151;816;1185;1186;9999;1;"Генераторы сигналов специальной формы TABOR ELECTRONICS Ltd."
1152;816;1187;1188;9999;1;"Генераторы сигналов специальной формы TEKTRONIX"
1153;816;1189;1190;9999;1;"Генераторы сигналов специальной формы АКИП"
1154;816;1191;1192;9999;1;"Генераторы сигналов специальной формы отечественные"
1155;824;1211;1212;9999;1;"Аксессуары к измерителям RLC Wayne Kerr"
1156;826;1217;1218;9999;1;"Аксессуары для измерителей RLC АКТАКОМ"
1157;837;1253;1254;9999;1;"Измерители качества электрической энергии METREL"
1158;837;1255;1256;9999;1;"Измерители качества электрической энергии А-КИП"
1159;838;1259;1260;9999;1;"Измерители параметров УЗО METREL"
1160;838;1261;1262;9999;1;"Измерители параметров УЗО SEW"
1161;841;1269;1270;9999;1;"Измерители параметров безопасности электрооборудования GW INSTEK"
1162;841;1271;1272;9999;1;"Измерители параметров электробезопасности METREL"
1163;841;1273;1274;9999;1;"Измерители параметров электробезопасности А-КИП"
1164;842;1277;1278;9999;1;"Аксессуары к измерителям сопротивления заземления"
1165;842;1279;1280;9999;1;"Измерители сопротивления заземления SEW"
1166;843;1283;1284;9999;1;"Измерители сопротивления изоляции METREL"
1167;843;1285;1286;9999;1;"Измерители сопротивления изоляции SEW"
1168;854;1315;1316;9999;1;"Аксессуары к мегаомметрам"
1169;854;1317;1318;9999;1;"Мегаомметры отечественные"
1170;855;1321;1322;9999;1;"Микроомметры GW INSTEK"
1171;855;1323;1324;9999;1;"Микроомметры и миллиомметры SEW"
1172;857;1337;1338;9999;1;"Дополнительные опции к калибраторам"
1173;857;1339;1340;9999;1;"Дополнительные опции к калибраторам FLUKE серии 9xxx"
1174;872;1373;1374;9999;1;"Преобразователи тока"
1175;881;1395;1396;9999;1;"Зарядные станции"
1176;883;1401;1402;9999;1;"Импульсные источники питания"
1177;883;1403;1404;9999;1;"Источники переменного тока"
1178;883;1405;1406;9999;1;"Линейные источники питания"
1179;886;1413;1414;9999;1;"Импульсные источники питания"
1180;886;1415;1416;9999;1;"Линейные источники питания"
1181;888;1421;1422;9999;1;"Зарядные станции"
1182;893;1441;1442;9999;1;"Аксессуары к мультиметрам APPA"
1183;904;1465;1466;9999;1;"Аксессуары для мультиметров АКТАКОМ"
1184;913;1489;1490;9999;1;"ВЧ аксессуары"
1185;915;1495;1496;9999;1;"Аксессуары к оциллографам  AGILENT TECHNOLOGIES"
1186;917;1501;1502;9999;1;"Аксессуары для FLUKE"
1187;918;1505;1506;9999;1;"Аксессуры к осциллографам GW INSTEK"
1188;919;1509;1510;9999;1;"Опции и аксессуары к осциллографам LECROY"
1189;922;1517;1518;9999;1;"Аксессуары для осциллографов TEKTRONIX"
1190;922;1519;1520;9999;1;"Пробники для осциллографов TEKTRONIX"
1191;923;1523;1524;9999;1;"Аксессуары для осциллографов АКТАКОМ"
1192;924;1527;1528;9999;1;"Аксессуары для осциллографов АКТАКОМ-IWATSU"
1193;926;1533;1534;9999;1;"Осциллографы-мультиметры AGILENT TEСHNOLOGIES"
1194;926;1535;1536;9999;1;"Осциллографы-мультиметры FLUKE"
1195;926;1537;1538;9999;1;"Осциллографы-мультиметры TEKTRONIX"
1196;926;1539;1540;9999;1;"Осциллографы-мультиметры АКИП"
1197;933;1563;1564;9999;1;"Опции для измерительного телекоммуникационного оборудования МОТЕСН"
1198;937;1575;1576;9999;1;"Аксессуары для приборов АКТАКОМ"
1199;958;1629;1630;9999;1;"Опции для частотомеров"
1200;961;1639;1640;9999;1;"Измерители мощности POUNDFUL"
1201;962;1643;1644;9999;1;"Измерители универсальные CHITAI"
1202;962;1645;1646;9999;1;"Измерители универсальные POUNDFUL"
1205;1;1826;1827;9999;1;"Продукция Delta Electronics"
1288;1;1748;1811;9999;1;" Охранно-Пожарное оборудование"
1289;1288;1749;1784;9999;1;"Охранно-пожарная сигнализация"
1290;1289;1750;1751;9999;1;"Приборы серии \"Гранит\""
1291;1289;1752;1753;9999;1;"Приборы серии \"Циркон\""
1292;1289;1754;1755;9999;1;"Приборы серии \"Кварц\""
1293;1289;1756;1757;9999;1;"Система речевого оповещения пожарная Рокот"
1294;1289;1758;1759;9999;1;"Акустические системы"
1295;1289;1760;1761;9999;1;"Радиоканальная система речевого оповещения пожарная Рокот-Р2"
1296;1289;1762;1763;9999;1;"Приборы серии \"ВС-ПК\""
1297;1289;1764;1765;9999;1;"Адресная охранно-пожарная радиоканальная система  \"ВЕКТОР-АР\""
1298;1289;1766;1767;9999;1;"Радиоканальные комплекты Гранит-РК"
1299;1289;1768;1769;9999;1;"Дополнительное оборудование"
1300;1289;1770;1771;9999;1;"Радиоканальная система сигнализации Лидер-Р"
1301;1289;1772;1773;9999;1;"Радиоканальная система «Галактика»"
1302;1289;1774;1775;9999;1;"Тревожная кнопка Лидер"
1303;1289;1776;1777;9999;1;"Извещатели"
1304;1289;1778;1779;9999;1;"Оповещатели"
1305;1289;1780;1781;9999;1;"Источники питания резервированные"
1306;1289;1782;1783;9999;1;"Шкафы контрольно-пусковые"
1307;1288;1785;1786;9999;1;"GSM-сигнализация"
1308;1288;1787;1796;9999;1;"СКУД, турникеты"
1309;1308;1788;1789;9999;1;"Оборудование контроля доступа"
1310;1308;1790;1791;9999;1;"Система контроля и управления доступом СКУД \"Проходная\" (на базе ПО \"Лавина\")"
1311;1308;1792;1793;9999;1;"Устройства управления автоматическими воротами, шлагбаумами, роллетами"
1313;1308;1794;1795;9999;1;"Турникеты"
1314;1288;1797;1806;9999;1;"Система \"Лавина\""
1315;1314;1798;1799;9999;1;"Варианты  оборудования, для организации пульта нижнего уровня \"Лавина\" "
1316;1314;1800;1801;9999;1;"Варианты объектового оборудования"
1317;1314;1802;1803;9999;1;"Пульт верхнего уровня \"Лавина\""
1318;1314;1804;1805;9999;1;"Дополнительное объектовое оборудование"
1319;1288;1807;1808;9999;1;"Система \"Карат\""
1320;1288;1809;1810;9999;1;"Лифтовое оборудование"
1321;143;404;405;9999;1;"Штанги оперативные и изолирующие"
1322;26;1737;1738;9999;1;"Переносные заземления"
1323;328;1656;1657;9999;1;"Индикаторы и указатели низкого напряжения"
1324;328;1658;1659;9999;1;"Указатели высокого напряжения"
1325;328;1660;1661;9999;1;"Указатели высокого напряжения"
1326;26;1739;1740;9999;1;"Электромагниты"
1327;26;1741;1742;9999;1;"Консоли, Рэки, Шкафы серверные"
1334;17;917;918;9999;1;"Промышленная мебель DOKA"
1335;11;705;706;9999;1;"Весовое оборудование"
1336;7;349;350;9999;1;"Транзисторы"
1337;7;351;352;9999;1;"Микросхемы"
1338;1;1812;1813;9999;1;"Продукция HUMMEL"
1343;1;1814;1815;9999;1;"Продукция ABB"
1344;344;1720;1721;9999;1;"Реле RELPOL и аксессуары к ним"
1345;1;1816;1817;9999;1;"Продукция EATON"
1346;1;1818;1819;9999;1;"Продукция OMRON"
1347;1;1820;1821;9999;1;"Продукция AESP"
1348;1;1822;1823;9999;1;"Продукция SIEMENS"
1349;1;1824;1825;9999;1;"Продукция Autonics"
1350;1;1832;1833;9999;1;"Продукция УП \"Завод СВТ\""
1351;1;1836;1837;9999;1;"Продукция ОАО \"Интеграл\""
1352;26;1743;1744;9999;1;"Термоусаживаемые трубки"
1353;26;1745;1746;9999;1;"Ферритовые изделия, сердечники, кольца, бинокли"
