1;Компэл 
2;Промэлектроника 
6;ЭлкоТех 
7;Симметрон 
8;Спецэлсервис 
9;ЗИП 
10;НТС-ЭКО (1346) 
11;Изотех 
12;Марс 
13;Герц (14) 
14;Антелком 
15;ПЛАТАН 
16;Дельта Электроника 
17;Ксанф 
18;Прист 
20;Трест МЭК 
21;Анион 
25;АтласПро 
26;Золотой шар (7) 
28;Радиотех-Трейд 
30;Виланд 
31;"ООО ""ЭРК"" "
32;"ЗАО ""СВЯЗЬСТРОЙДЕТАЛЬ"" "
33;"ООО ""Техника-М"" "
38;Каскад 
39;Энерго-комплект 
40;ЛЭПКОС 
41;Актаком 
42;"ОАО ""ОКБ-Планета"" "
45;МирКомпонентов 
46;ТрансЛед 
47;БМГ-Кварц 
48;Тульский завод трансформаторов 
49;КОДО-ТРАНС 
50;НПП КРИПТОН 
51;Смоленский завод радиодеталей 
52;Сенсор (3) 
53;"НВФ ""СИНТЕЗ-МИКРО"" "
54;НТЦ СИТ 
58;ХАРТИНГ ЗАО (254) 
59;НИТИ АВАНГАРД 
60;Сибирский арсенал 
61;INDUSTRIAL ELECTRIC SYSTEM 
63;Промэнерго Автоматика 
64;Завод Резерв 
66;Подольский завод электромонтажных изделий 
68;Вертекс (Ижевск) 
69;ТРИАТРОН 
70;Триггер Томск 
73;"НПО ""ФИЗТЕХ"" "
74;http://www.magnitek.ru/ 
75;Peppers 
77;"Ставропольский завод ""Сигнал"" "
81;"""КАВ Электроника"" "
82;http://electrobmm.ru 
83;"ООО НТЦ ""Магистр-С"" "
84;"ООО НПЦ ""Кропус-ПО"" "
85;Штиль 
86;Тембр 
87;Апатор 
89;"ООО ""Интер Чип"" "
90;"ООО ""Манометр"" "
91;Энерговест 
92;РостЕк 
94;«Электротехник» 
95;ООО «ФЭА» 
96;МЭЛТ 
97;"ЗАО ""ТЕСТПРИБОР""  "
98;ELECTROFF 
99;"ООО ""ИзТех"" "
100;Бурый Медведь 
101;Алекто 
102;Контравт 
103;Анкон 
104;Первая Кабельная Компания 
107;Промситех 
108;МИКРОРАДАР-СЕРВИС 
109;"ООО ""СЗТП"" "
110;Навгеоком 
112;S-Line 
113;IPC2U  
114;Молния-Белгород 
117;indels 
119;Эй Энд Ди 
123;Киця  
124;Прайм Электрик 
125;laserparts.ru 
126;Энергопром Остаток 
127;Энергопром Цены 
128;МЭРИ 
129;Дарском 
130;Компэл2222 
131;"ЗАО ""МЭЛКОМ"" "
132;"ЗАО НТЦ ""Ландата"" "
133;ООО «ЭТК Групп» 
137;Аркос 
138;Мегаопт 
140;Энсто Рус 
141;Радиоэксперт 
144;Радио-точка 
145;ЧИП и ДИП 
149;Си-Троник 
150;ООО ЕКОМП (Элтех) 
151;Профэлектро (см. КРАТНОСТЬ ОТГРУЗКИ!!!) 
152;Траст Электроникс 
153;"ОАО НПП ""Полигон""  "
154;МТ-Систем 
156;НПФ Микран 
159;АО ПО «Стрела 
161;ОАО Электромеханика 
162;"АО ""ИЭЗ ""Купол"" "
163;АО «Завод Элекон» 
164;Амитрон Электроникс 
165;"ООО ""БОУЗ ГРУПП"" "
167;ООО “МВС Компонент” 
171;МАКСИМУМ ПЛЮС 
172;Поликор-Восток 
173;ООО ВЕКТ 
174;"ООО ""КВ Системы"" "
175;МФК Точка Опоры (7) 
176;HUMMEL - остатки (1338) 
177;Лок.Системы - RELPOL (1344)  
178;Лок.Системы - EATON (1345) 
179;AESP (1347) 
180;"ООО ""ЭСК"" "
181;Энергопром Autonics (1349) 
182;"УП ""Завод СВТ"" (1350) "
183;СТОИК (1205) 
184;RS Components (7) 3-4 недели  
185;"ООО ""КОНТАКТ"" (344) "
186;ПрофКип (25) 
187;ПТ Электроникс 
188;Аргуссофт (7) 
189;ЭЛСИТЭК (7) СПРОСИ ЦЕНУ У ПОСТАВЩИКА!!!!!! ПОСТАВЬ РЕЗЕРВ!!!!! 
192;ЭТИ ЭЛЕКТРОЭЛЕМЕНТ (прайс) 
193;Системы радиоконтроля 
194;ЭТИ ЭЛЕКТРОЭЛЕМЕНТ (остатки) 
195;База Электроники 
196;Фаворит-ЭК 
197;Промэлектронсервис 
198;ОВЕН 
200;"АО ""Восток"" (ЭФО) (остатки) "
201;Витал 
202;Радиокомп 
203;ABN 
204;Югспецпоставка 
206;Теллур 
207;Сканти 
208;Автоматика-Север 
209;ООО АТ 
211;АСС импорт 
212;АСС отечка 
213;Аккорд (Контакт Электроникс) 
214;НПО СтарЛайн 
215;ООО АВТС 
216;"ООО ""АйСи Комплект"" "
217;ООО ДАН 
218;ООО «Интернет-магазин электронных компонентов» 
219;"АО ""НПФ ЭЛИНВЕСТ"" "
220;Компания ИНЕЛСО 
221;Олниса 
222;Вектор КМ 
